station_name,station_line,count,actual_average,predicted_average,mae,mape,signed_error_percent
勝どき,12号線大江戸線,92,136913043.47826087,120029973.43342094,22093847.684873294,16.01506275334153,-9.516064397550442
三鷹,中央線,67,66508955.2238806,58128262.56887197,10862137.472801605,16.214598113392483,-8.689799302189286
豊洲,8号線有楽町線,58,138741379.31034482,117026097.80960883,22869009.539428126,16.316421592684854,-15.384365946065838
目黒,山手線,56,105035714.28571428,94658143.80232777,15425427.005858174,14.753568633538721,-7.075840480729529
錦糸町,11号線半蔵門線,56,74107142.85714285,59886586.97395952,16335753.935762126,19.695275340158588,-15.753567192836693
大森,東海道線,47,56404255.319148935,46230116.54543976,10716305.859256357,16.274887401310036,-14.389789102627592
池袋,4号線丸ノ内線,45,64511111.11111111,57308776.29277187,9599223.322039781,14.956424616771137,-9.804348342651279
品川,本線,43,131674418.60465117,117329680.0006184,20124790.421404663,15.01640675528402,-8.450026398912605
月島,12号線大江戸線,43,134883720.93023255,117654258.45178033,23044184.603096895,16.17737995943497,-8.394988249950472
南砂町,5号線東西線,43,59465116.27906977,53163047.76372378,10151435.706136292,16.291438293740793,-8.744968503622427
亀戸,亀戸線,42,55333333.333333336,45711341.3049893,10392949.863659356,16.401086678968664,-13.045113045678209
吉祥寺,井の頭線,40,68355000.0,63488167.18389426,12877280.173116487,20.09509058272056,1.2476958793347652
東陽町,5号線東西線,39,75384615.38461539,62677078.60917063,13000166.40556241,14.727243780873133,-14.19934417179758
白金高輪,6号線三田線,39,120948717.94871795,102415891.7219549,19952860.41399377,17.448354426562357,-15.178255363445942
荻窪,4号線丸ノ内線,39,59923076.92307692,51801733.30324099,11128896.217811791,19.90775848805373,-10.972221073509745
西葛西,5号線東西線,38,51526315.78947368,43700520.6121359,8671949.598883627,15.772343215647577,-14.062508451258315
新小岩,総武線,38,49605263.15789474,44469658.13734498,8369046.709667827,18.013542152992738,-5.873621333212444
北綾瀬,9号線千代田線,38,38623684.21052632,32851549.868743666,7278179.844601013,18.890468177061255,-11.695941961612707
田町,東海道線,37,103216216.21621622,91719738.26119144,14807557.827004809,14.146967246629982,-12.155839640587175
八王子,横浜線,36,36647222.222222224,32179811.740488775,5462825.193207351,14.949937108541102,-9.394437858902506
調布,京王線,36,49416666.666666664,41800377.95399773,8753765.270660343,17.040120373351375,-12.0406734115044
大山,東上本線,35,63342857.14285714,56850890.11786295,7831991.238126671,12.491869379269962,-9.91437264782763
小岩,総武線,35,65005714.28571428,57061192.888678715,9609821.303155832,14.072463628370977,-8.21968237548691
葛西,5号線東西線,35,43005714.28571428,38195782.118044004,6201991.727428945,14.392255775194945,-9.344582103817
府中,京王線,35,56145714.28571428,50134209.07689822,8911868.127155477,15.860387448663134,-6.723931861300323
江戸川橋,8号線有楽町線,35,83285714.28571428,73314195.76437993,13448001.825887214,17.595941195309585,-7.024305782219508
京王多摩センター,相模原線,35,31105714.285714287,28174359.634524,4942527.259732563,18.23168871104525,-8.61137881710099
千歳船橋,小田原線,33,68354545.45454545,61244318.821048915,9572249.261924164,15.199329304467149,-8.98980568179675
武蔵小金井,中央線,33,45069696.96969697,39829643.04714789,7420322.143189547,15.241959508480534,-8.27403480091072
桜新町,田園都市線,33,95757575.75757575,81060849.51053068,16250291.405896228,17.007841399764484,-13.785299830409102
学芸大学,東横線,33,83818181.81818181,80753667.46854109,15238331.628820857,17.561523512202687,-0.19882704374830962
大島,10号線新宿線,32,54375000.0,45777631.920003586,9487924.493642312,16.489656845813865,-13.824118054581184
南千住,2号線日比谷線,32,60712500.0,50140398.90873747,12274247.563343495,19.691786079345682,-13.776404177387436
用賀,田園都市線,31,87516129.03225806,75704815.45939144,12740253.307605587,13.312554375173479,-11.947006635017487
西荻窪,中央線,31,59032258.06451613,48618010.03575248,11720609.09791523,19.00088091193424,-15.865261854089624
花小金井,新宿線,31,34438709.67741936,32774445.328195717,5267308.924160462,21.07587990060093,8.409545414544459
池尻大橋,田園都市線,31,81709677.41935484,71014225.5636964,20869255.98696648,26.508396019417823,-4.754601280979373
駒沢大学,田園都市線,30,83273333.33333333,69918161.72164413,14924654.426107509,16.68887780666562,-13.253018265969652
中野,中央線,30,88366666.66666667,67700722.08431277,22845471.103425622,20.201953133908827,-14.725507646006175
町田,横浜線,29,33034482.75862069,28457462.93529361,6041741.891934039,17.046139139664344,-9.968258613395626
八丁堀,京葉線,28,104285714.28571428,92251554.42556003,14245555.410840152,13.225860095607993,-9.963752187877992
金町,常磐線,28,60428571.428571425,52508844.871776834,9874678.28510636,15.58036609592548,-11.272211436958813
王子神谷,7号線南北線,28,60357142.85714286,51080549.09925986,10047970.016410252,15.861351685674283,-14.342476370937998
練馬,西武有楽町線,28,41035714.28571428,39681228.33694021,6475743.275500657,16.07070337426195,1.03017451587244
二子玉川,大井町線,28,127621428.57142857,107105396.74156572,22453876.909559887,16.214904558224237,-14.27140609260222
高田馬場,新宿線,28,77964285.71428572,66589143.78811068,12555461.268982306,17.04398927562583,-12.833051002694939
大塚,山手線,28,62392857.14285714,52410688.16788647,11714801.432476344,17.777837962779405,-15.128789466334359
西新宿五丁目,12号線大江戸線,28,81410714.28571428,72751527.76373205,14097016.858012179,19.51495457534345,-8.021060545168996
春日,6号線三田線,28,113642857.14285715,95099524.86970215,22376753.82966415,20.214016685191805,-14.722386088606658
大井町,大井町線,28,103285714.28571428,84075303.49476042,22037164.41391952,20.910439545091357,-17.673564628296056
田無,新宿線,28,34553571.428571425,32927068.221197553,5707010.339521445,21.7994554496996,5.237614231036368
東武練馬,東上本線,27,49274074.074074075,44710528.638339,6462677.89949925,14.335573792348066,-9.12859232728453
都立大学,東横線,27,84481481.48148148,75444908.1033112,14018345.561804907,14.891277566889535,-7.7415707344055145
蔵前,1号線浅草線,27,70518518.51851852,59482811.22388094,12180092.007648971,15.574758701052351,-13.299659916907963
両国,総武線,27,56703703.7037037,48337181.17430145,9598175.173576884,16.197621218096774,-12.004160851182167
三軒茶屋,田園都市線,27,73151851.85185185,61371823.843914285,13745517.905920815,17.633382193193082,-9.482235487259837
方南町,4号線丸ノ内線分岐線,27,61703703.7037037,54536450.417239964,10844062.928254632,19.160928774315902,-6.046776340304451
王子駅前,荒川線,27,59703703.7037037,51941439.68294601,12289929.145238461,20.879314567047942,-9.693505118709368
麻布十番,12号線大江戸線,27,120962962.96296297,106367377.86839694,31370699.350787487,21.23397723820168,-2.661730904699345
大崎,臨海副都心線,27,153259259.25925925,116020393.23970652,37652487.20261877,23.752828113532573,-23.308074153246533
千歳烏山,京王線,26,56623076.92307692,52556976.9684224,6377095.049185259,10.079913915394952,-4.419436996861142
国立,中央線,26,51319230.76923077,46273354.77198823,6657903.803404942,12.29902882674125,-7.86898243531992
住吉,11号線半蔵門線,26,75384615.38461539,64593306.281861834,12576186.657746103,16.16592712556713,-10.059447413179127
東大島,10号線新宿線,26,52192307.692307696,44208076.80855607,10589304.774342693,20.472179656879142,-11.663255803445647
武蔵関,新宿線,25,45800000.0,45040291.78816881,5040569.42723473,11.049497303980264,0.5326354188109655
仙川,京王線,25,62520000.0,56164887.66109404,7961036.169140113,11.774922728585029,-8.585258026659414
大森海岸,本線,25,58880000.0,50107039.26442151,9545220.249617647,16.119504517133347,-11.27740237297156
恵比寿,山手線,25,117400000.0,101919160.68870857,26672611.831419803,21.352303826662148,-6.034819979949038
中目黒,東横線,25,93232000.0,79155934.01098917,19558891.769065812,23.77592600332481,-11.385107614729845
板橋区役所前,6号線三田線,24,61583333.333333336,51889404.42402753,10556119.208245544,16.10747846707456,-10.769289588294301
五反田,1号線浅草線,24,64583333.333333336,58574806.9069258,10817442.608953306,17.22723650531252,-5.273885506990049
ひばりヶ丘,池袋線,24,48916666.666666664,43050927.8720335,9220546.920409946,18.737863840885442,-10.236304267231759
国領,京王線,24,34870833.333333336,30038180.676083356,6791998.725220109,18.894357023366734,-6.0208409385925625
浅草,常磐新線,24,80750000.0,64557653.63252077,21135333.608738218,25.5891583559479,-8.243956255928541
東中野,中央線,23,84130434.7826087,74098127.03609125,11141173.380566714,14.701531862037946,-10.461794130824982
浅草,3号線銀座線,23,48869565.217391305,43210092.208774865,7506739.3348005945,15.120028735419066,-8.840870555914378
西馬込,1号線浅草線,23,54730434.782608695,48664884.297552265,8878092.695635745,15.284855642250049,-7.4608573952703585
聖蹟桜ヶ丘,京王線,23,43139130.43478261,38567872.714706495,5990399.116832249,16.084671538533954,-6.128751623043361
広尾,2号線日比谷線,23,138608695.6521739,129085438.10771883,23528878.70055254,17.235872768024954,-6.639010320654114
お花茶屋,本線,23,30217391.304347824,24979500.703072682,5661728.660886409,17.55888058970235,-15.32600197068714
有明テニスの森,東京臨海新交通臨海線,23,109304347.82608695,89433899.96223572,20882821.023000516,19.47249720380057,-18.460124044651288
亀有,常磐線,23,42260869.56521739,34813340.86501382,8655825.768443398,20.365951646262463,-15.509357811729913
京王永山,相模原線,23,24978260.86956522,23587980.30632883,5260470.048549795,21.843492248065434,0.6098986775128247
武蔵小山,目黒線,23,123260869.56521739,101384449.97666162,26620427.77494417,22.767970343685715,-12.944354494481566
品川シーサイド,臨海副都心線,23,88000000.0,68226098.44189207,20709003.714183994,22.851944929414152,-20.943573182320144
立川,南武線,22,45540909.09090909,42832192.51590301,4597115.053200915,10.425466173671168,-5.346439972294784
国分寺,国分寺線,22,70000000.0,63256573.938127734,9459465.755874285,14.528701316219264,-5.943495138587329
平井,総武線,22,71545454.54545455,59951492.08774502,12072259.62854555,16.061394282648806,-15.375804197261159
三ノ輪,2号線日比谷線,22,51045454.54545455,42779592.92333732,9273647.455868559,16.592035733098328,-13.952654384208351
駒込,7号線南北線,22,78636363.63636364,63796990.46421838,15172752.444930905,16.868365027952645,-15.636650553552029
門前仲町,12号線大江戸線,22,63772727.27272727,53500858.3586087,11621972.615994094,18.006415714586492,-13.068769279886528
祐天寺,東横線,22,92409090.9090909,81140964.2214751,19068088.27251604,19.047820742220008,-6.695945809404177
志村坂上,6号線三田線,21,42309523.809523806,38747233.087129846,5051738.193654023,10.309140863780149,-6.9165192291465205
高井戸,井の頭線,21,54952380.952380955,51898625.2659659,6037497.380234667,11.503652461425073,-5.369208469755991
北赤羽,東北線,21,68380952.38095239,58830553.49584625,10768319.770250019,16.013763744763356,-10.304060553570006
清澄白河,12号線大江戸線,21,100714285.71428572,83936888.31093164,17461405.675213616,16.35712492587027,-15.111291339476733
竹ノ塚,伊勢崎線,21,29500000.0,28362877.881933887,5140534.8064881,16.58395248025142,-5.293149229988917
南大沢,相模原線,21,33380952.38095238,31671169.875927284,5469272.715760221,16.96010017611558,0.15120574480447063
渋谷,山手線,21,101000000.0,97737568.92630717,14660458.014946397,17.69323630658843,-4.204494126908996
押上,伊勢崎線,21,66047619.047619045,52607759.300569125,14628516.35015136,19.92135525750224,-16.793311565130036
日暮里,常磐線,21,73428571.42857143,61743656.435481265,14749968.926488042,22.23638255389212,-10.083399466884952
蒲田,東海道線,20,33700000.0,31345141.44952807,3882439.7268225416,12.129507304505426,-6.247175348831036
武蔵境,多摩川線,20,66100000.0,56794394.24069194,10221638.639975907,14.360091567536788,-12.712745318624
入谷,2号線日比谷線,20,54900000.0,48041912.95008565,8353767.49297736,15.675302075759017,-8.439752503512924
木場,5号線東西線,20,57450000.0,49679386.558509395,9051426.493023515,16.2790060527255,-10.645851952455367
赤羽,東北線,20,64450000.0,56074391.61518975,11291309.532723188,19.012647711105434,-3.3877673163908404
経堂,小田原線,20,64000000.0,56446291.95629065,9876134.380830215,19.148592026471654,-3.468183390654515
後楽園,4号線丸ノ内線,20,106250000.0,81279646.4211661,26028231.827052772,22.269029725020978,-18.958783155630087
上板橋,東上本線,20,40425000.0,37158900.88514864,10134521.713833397,32.20148228610435,9.937082067861896
辰巳,8号線有楽町線,19,98526315.78947368,85724773.83267878,13248799.711008782,12.485415410988617,-11.715325645048605
新中野,4号線丸ノ内線,19,46526315.78947368,41955623.33967135,5820510.648819573,13.528146287409518,-9.193940309930653
南町田グランベリーパーク,田園都市線,19,55684210.526315786,50006486.60554873,7188304.503973205,13.985846845358921,-7.627481287547911
幡ヶ谷,京王線,19,61884210.526315786,58761144.26470157,8718978.152921487,14.621648293603124,-6.715103571954844
北千住,常磐線,19,49157894.7368421,42351605.79469638,8379881.348176278,14.66878021718619,-10.237961852981456
綾瀬,9号線千代田線,19,42578947.368421055,36454047.09013936,7327034.847528503,15.15285340482905,-10.650896108558541
光が丘,12号線大江戸線,19,56105263.15789474,49315278.85305665,9658165.78955104,15.971361771074362,-8.860732970140978
東新宿,13号線副都心線,19,46421052.631578945,38133309.55156122,9186165.859997267,17.945705182192476,-15.4208804332519
青砥,押上線,19,40410526.315789476,34834579.826694965,7223991.469835937,18.1674079714398,-13.680357124555602
久米川,新宿線,19,26215789.47368421,24327077.147213865,4362598.258841287,19.37178021287904,-4.431896916890803
豊田,中央線,19,30142105.263157893,27713416.24284898,5804355.89197852,22.503647908981424,-1.0750984873822211
馬込,1号線浅草線,18,48777777.777777776,43389902.24167489,6082806.123894217,11.031665128522219,-7.884565837953555
船堀,10号線新宿線,18,58277777.777777776,53253170.25739045,7590547.115474484,12.17022456738334,-7.069257946075393
田原町,3号線銀座線,18,64000000.0,52716914.98671081,11522542.144294182,15.069968720110543,-14.737389371492505
茗荷谷,4号線丸ノ内線,18,92777777.77777778,80770104.0475522,17062377.742030643,16.587308089980738,-6.793354985838448
芦花公園,京王線,18,66000000.0,54973056.841206916,12216297.045599362,19.14739462285692,-14.685357934173428
新宿御苑前,4号線丸ノ内線,18,96222222.22222222,76685276.06995374,22676118.936591398,19.954609976975348,-15.367977237351518
大泉学園,池袋線,18,38027777.777777776,37168696.92267498,6391314.373570106,20.10161042815321,5.5462849114118695
町屋駅前,荒川線,18,48722222.222222224,41016861.03258842,9123193.336073725,21.819818656148744,-8.273506287634483
矢口渡,東急多摩川線,18,44500000.0,39545467.50649646,8604793.095821964,22.02438547427236,-1.697907283901655
十条,赤羽線,17,112117647.05882353,98503630.92011115,14539341.101861192,12.685984489729853,-11.844779977776383
蓮根,6号線三田線,17,37511764.705882356,34354759.74056205,5210599.07878772,12.781625705804712,-5.512245827377282
中野富士見町,4号線丸ノ内線分岐線,17,74470588.23529412,61274541.875877604,13361022.690781703,16.85477529185969,-16.162056212229874
曙橋,10号線新宿線,17,77470588.23529412,67814245.44981442,13838833.923943976,17.00281984139603,-6.520031071623222
新富町,8号線有楽町線,17,71176470.58823529,61150372.190108135,15034185.070008678,17.145493920128835,-11.164456630385903
落合,5号線東西線,17,65352941.176470585,52795228.48751134,12976147.716367248,18.43807909251035,-15.742654544087332
秋葉原,東北線,16,89125000.0,80236830.15650739,12481293.018314075,12.200970630369152,-5.742029980142822
浮間舟渡,東北線,16,45125000.0,40975206.10966958,6588192.181641247,14.880550766258144,-8.929565948817068
桜台,池袋線,16,23612500.0,20832815.62942899,3768142.7289495035,16.185339016659324,-7.746407264283776
志村三丁目,6号線三田線,16,46375000.0,41030234.860440634,8057486.580150733,19.905747348054852,-5.8742226949662495
馬喰横山,10号線新宿線,16,99000000.0,77698287.48499125,21986607.99628542,20.41407862400778,-19.044287661454426
自由が丘,東横線,15,84933333.33333333,76895090.43158242,11638167.826017303,11.581879235427133,-6.410042874702634
四谷三丁目,4号線丸ノ内線,15,95066666.66666667,85755415.75030544,13580931.293955334,12.816741201479944,-6.62390321990167
梅島,伊勢崎線,15,40533333.333333336,36168634.659364246,6351156.942494625,13.76949705199408,-7.402954886650276
尾山台,大井町線,15,86533333.33333333,77434925.55977644,14262865.169795431,15.845362441273306,-5.793829864672417
初台,京王線,15,72133333.33333333,60869671.68237932,14499033.393924206,15.995138664875203,-7.4266028787732585
中板橋,東上本線,15,26586666.666666668,22025034.636883795,4633522.535346812,16.570807789115104,-16.168457542533705
神泉,井の頭線,15,78200000.0,68122289.61209615,14033970.552332612,16.955058871180572,-10.966142050427637
板橋,赤羽線,15,62426666.666666664,50407738.78146165,12157445.960923148,17.172920283282306,-16.61794053457326
牛込柳町,12号線大江戸線,15,90466666.66666667,78021271.12660165,15753294.114525104,18.154519735127344,-13.93420609528655
飯田橋,5号線東西線,15,94200000.0,76522276.4002265,17677723.59977351,18.245854247897146,-18.245854247897146
表参道,9号線千代田線,15,107533333.33333333,89051031.23781084,22264424.515701506,18.38260335780874,-13.109157201065765
白金台,6号線三田線,15,159800000.0,134399385.80333236,31001426.940081503,18.63668691982959,-9.650526037331973
千石,6号線三田線,15,98333333.33333333,80104373.22588292,18709830.57742866,19.125832420369214,-16.454329809379026
小竹向原,西武有楽町線,15,55333333.333333336,46036446.44675653,11999942.781215532,19.866056879502697,-11.127143831815829
護国寺,8号線有楽町線,15,81600000.0,67442322.40544318,18000476.987368766,20.021839497562173,-14.836090983383489
三田,6号線三田線,15,82066666.66666667,71029546.78297637,14734512.682187477,20.473982302642703,-3.932525848181678
浜町,10号線新宿線,15,85133333.33333333,65809457.02753738,19323876.305795953,21.06776931801603,-21.06776931801603
目白,山手線,15,111133333.33333333,79351489.9080824,33391719.101119217,24.077043318476356,-22.28829256751162
本蓮沼,6号線三田線,15,43900000.0,39935762.56063823,7974784.587267581,28.650452483937354,4.546225017965974
地下鉄成増,8号線有楽町線,14,48692857.14285714,43611971.11464327,6984493.801403304,13.366546631503509,-8.532232465497263
下赤塚,東上本線,14,42428571.428571425,36861336.90532235,6032863.119535184,13.82526116929398,-11.72631784320366
代々木公園,9号線千代田線,14,136857142.85714287,111540605.07341222,29710520.1916746,16.491349346986233,-12.858305131616808
喜多見,小田原線,14,70357142.85714285,58793909.72570782,12969980.257336807,16.62023423391694,-10.599008993454433
ときわ台,東上本線,14,42571428.571428575,35929832.04027491,7832995.404746081,17.25898728816863,-12.999916168563441
糀谷,空港線,14,45714285.71428572,38179980.21579721,9186575.377918335,17.31253561364723,-10.518616294639616
西台,6号線三田線,14,29692857.14285714,26303153.985529833,5264803.714739112,17.965664498048515,-4.31474288011933
祖師ヶ谷大蔵,小田原線,14,69785714.28571428,60685432.334712096,14149742.84712706,18.09932311862695,-6.193116438124243
南阿佐ヶ谷,4号線丸ノ内線,14,68821428.57142857,60220089.06023509,11181932.869486067,18.326595744265322,-6.202717424578425
東高円寺,4号線丸ノ内線,14,58142857.14285714,50660444.37590307,10494778.106725128,18.744489390787816,-7.579419106528481
浅草橋,総武線,14,54714285.71428572,46385725.61617763,11836087.682863276,21.628901342323868,-11.164053568920357
不動前,目黒線,14,85642857.14285715,70828294.20513716,18455245.232049562,21.797049965335816,-17.563698460301413
大久保,中央線,13,47923076.92307692,45823821.61299869,5172812.995698378,11.311610265401782,-4.688982542079385
つつじヶ丘,京王線,13,51076923.07692308,45586392.740421124,6497143.673797897,12.107914156562808,-8.6084146046401
本郷三丁目,4号線丸ノ内線,13,104076923.07692307,85077668.92668088,19453903.36148097,14.662266455508083,-12.843669610553034
成城学園前,小田原線,13,78076923.07692307,64614582.09030405,20218141.955336057,15.409068606520368,-2.657585168803961
高円寺,中央線,13,50676923.07692308,45117004.59498552,8130448.720941154,15.938244914405455,-10.367743283055152
雑色,本線,13,33538461.53846154,28465374.577944376,5461613.959543549,16.291808170699735,-14.400419558178937
京王八王子,京王線,13,26700000.0,24910327.808287416,4238354.637531575,17.479701924284953,-3.0432834050824145
天王洲アイル,東京モノレール羽田線,13,144846153.84615386,110003551.08298603,35752446.22681095,21.60882298215139,-20.908943394733605
代々木,中央線,13,73538461.53846154,59284111.17623244,16663189.489098229,24.208109665556098,-7.9223498996846535
人形町,1号線浅草線,13,89153846.15384616,88406716.44821526,31549180.136477586,58.99180706759858,27.389378256441812
中野坂上,4号線丸ノ内線分岐線,12,42616666.666666664,38328004.96210883,4453348.880459371,10.854742923258305,-10.12069657125708
西巣鴨,6号線三田線,12,67000000.0,59937534.208792515,9621591.58291232,12.37305967143399,-6.713789553648792
参宮橋,小田原線,12,110500000.0,99812828.35440218,16840951.80349211,12.931189982353503,-6.383584428983038
四ツ木,押上線,12,37583333.333333336,32175131.973034497,5687073.395574715,14.195363596710365,-13.480307096002988
武蔵新田,東急多摩川線,12,57916666.666666664,49568639.294907846,8812959.995257912,14.41148259255902,-13.094606300036796
菊川,10号線新宿線,12,56250000.0,47486856.03005615,9873777.767377669,14.92989003255083,-12.232623423301206
西新宿,4号線丸ノ内線,12,91083333.33333333,77077038.5159987,17042850.102295604,15.395458554138779,-6.953630972122478
新御徒町,12号線大江戸線,12,67166666.66666667,56222842.59131575,11735320.567183146,15.675845162428246,-14.005626073713904
大森町,本線,12,45666666.666666664,40607774.19938819,6788787.77998585,15.77731896227604,-8.195495912174138
本所吾妻橋,1号線浅草線,12,39500000.0,34873778.0454498,6460220.917511899,16.183222166065413,-8.087232787192852
下落合,新宿線,12,60233333.333333336,49355300.11995088,11618505.063294379,16.46350985000772,-12.990054633643007
落合南長崎,12号線大江戸線,12,40333333.333333336,34336231.09959873,7092010.997281025,16.56684050966751,-10.52961500117443
神楽坂,5号線東西線,12,93583333.33333333,77058512.90422115,18219766.212602276,16.66041626002016,-14.673573998475
西国分寺,武蔵野線,12,53750000.0,44248367.990149364,9509753.005391631,16.717490929870156,-16.69903412182244
上石神井,新宿線,12,49416666.666666664,45904878.1259158,7394690.728910259,17.03421081816632,-5.737328155173515
乃木坂,9号線千代田線,12,111166666.66666667,101063932.71640457,19285349.55951818,17.297697179617174,-9.24959414721817
東向島,伊勢崎線,12,55266666.666666664,47241576.30180133,9293606.668593394,17.69533655038894,-8.742267387413257
立会川,本線,12,52800000.0,43461214.560403466,10156204.415339781,17.89868982740298,-11.178307010925877
水天宮前,11号線半蔵門線,12,83833333.33333333,75178662.57750154,13059470.68965511,18.124712577795474,-7.472984340163884
一之江,10号線新宿線,12,46250000.0,42704143.100795716,7923828.745286871,19.111843387743082,-3.349405943602049
森下,10号線新宿線,12,84750000.0,67365286.77263227,17931312.453713614,19.373813347447243,-18.36159255791782
河辺,青梅線,12,16475000.0,16365707.103209184,3048649.194298955,19.662642588317798,4.48055937041981
西大島,10号線新宿線,12,58500000.0,49307148.68486946,12754744.75029487,20.288314349992742,-9.656726550864521
上野毛,大井町線,12,61566666.666666664,49745820.94388234,14237041.795092998,24.805525339357384,-10.235518608141708
新江古田,12号線大江戸線,11,67090909.09090909,60956013.16989165,7033885.331505134,10.733912705881522,-9.794636602841964
福生,青梅線,11,20545454.545454547,18337958.69879926,2297144.672835845,10.801649757363677,-10.29936642694122
西調布,京王線,11,40990909.09090909,38180964.10484719,4658376.081622522,11.440421752108762,-4.669298452654168
早稲田,5号線東西線,11,53454545.45454545,45904077.9838549,7739601.4273227565,11.975521101171601,-11.63164118002215
瑞江,10号線新宿線,11,50454545.45454545,44926842.4089798,6163380.9219264425,12.07630027837282,-10.512483278201683
志茂,7号線南北線,11,62818181.81818182,54931681.05034315,8242987.056764386,12.247519416882023,-11.333452009380208
新板橋,6号線三田線,11,47000000.0,41746364.70410984,6038808.644944289,12.509608552663572,-9.44964034604424
新大久保,山手線,11,58545454.54545455,54517002.11194348,7443664.411808426,13.088898262484209,-7.375868215204983
武蔵野台,京王線,11,27818181.818181816,27882947.20072275,2706168.3966337047,13.327314602160868,5.084135401736989
鶯谷,東北線,11,67000000.0,57172526.039451174,10084324.711874126,13.736005348853723,-13.075707248274842
戸越,1号線浅草線,11,63363636.36363637,54096232.76498627,9953226.763394577,14.284733446145498,-11.620188992904325
中神,青梅線,11,39000000.0,35144166.82169419,5311671.846172179,14.597606699682792,-7.31841336035094
小伝馬町,2号線日比谷線,11,104454545.45454545,88101578.37922673,17159223.5003874,15.461668175848285,-13.84726499159454
湯島,9号線千代田線,11,107818181.81818181,84350903.85395187,23467277.964229956,17.43451027741363,-17.43451027741363
築地,2号線日比谷線,11,92363636.36363636,77406706.31880035,16432917.75441606,18.238549513067376,-16.460251067790214
潮見,京葉線,11,71545454.54545455,57930487.43632231,13614967.10913223,19.463905363643896,-19.463905363643896
池上,池上線,11,39645454.54545455,38673666.828897975,7619052.374493834,19.88283350052208,-2.1297646076052206
市ヶ谷,中央線,11,100818181.81818181,93279013.96755137,22151851.383844133,19.91564064716927,-3.0754655226303487
鶴川,小田原線,11,18445454.545454547,17864829.60666829,3632815.426339365,20.74704722871284,1.5586073661782178
狛江,小田原線,11,38363636.36363637,35696087.8282824,8788899.951482626,23.194146095422337,-3.233349796531805
中村橋,池袋線,11,46954545.45454545,41113974.48693527,8599335.660462273,24.35964254071897,-5.2021808327993035
一橋学園,多摩湖線,10,39000000.0,35298133.054022774,4186197.211411023,10.637440482453098,-9.191978601362752
東雲,臨海副都心線,10,112300000.0,99238203.70171028,13419018.366057364,11.544388516528901,-11.246703460055862
赤坂,9号線千代田線,10,119900000.0,109507678.51595792,17018753.1364523,11.811407207593685,-0.5813756750992761
上北沢,京王線,10,50500000.0,44349738.866905436,6390043.331708064,11.983524135583716,-11.590438564086176
中河原,京王線,10,44400000.0,39732061.30244599,6157905.566545548,12.81300913123373,-8.811332589829373
鵜の木,東急多摩川線,10,53370000.0,49846224.88566503,8142180.529800734,13.4684002646907,-3.735609216769892
高輪台,1号線浅草線,10,113200000.0,100955409.64597258,18259550.34705499,13.908988593357929,-7.605763208275034
東池袋,8号線有楽町線,10,96600000.0,84691267.88328715,12772039.320912484,15.012142887558117,-12.661749322481104
保谷,池袋線,10,46600000.0,39903992.2052866,7127661.309717727,15.207745072024371,-14.269367865493233
昭島,青梅線,10,27500000.0,26800742.60482133,4194880.09577502,15.504437710119172,2.21187153891055
京王多摩川,相模原線,10,36280000.0,32006398.458248466,5765740.585406939,16.065482704452688,-8.64558712622926
千駄木,9号線千代田線,10,51900000.0,42978141.00926143,10588590.938527232,16.498348041763336,-9.435771753511354
東十条,東北線,10,65100000.0,54476904.689983726,11280367.215977311,16.617283843198475,-10.044564783588102
要町,8号線有楽町線,10,77200000.0,61084128.833502784,16572542.230026007,19.041853948576865,-18.109872186273225
代々木上原,小田原線,10,151900000.0,133368178.48361492,27252773.50753653,19.53581660964731,-6.437695761012739
五反野,伊勢崎線,10,37400000.0,30051472.01986153,7348527.98013847,20.126362779119752,-20.126362779119752
曳舟,亀戸線,10,63100000.0,49812025.59348461,13287974.40651539,20.20041523131173,-20.20041523131173
小村井,亀戸線,10,35500000.0,29621729.618663885,6930867.445297238,20.474819472740283,-12.034904169838834
西新井,伊勢崎線,10,43000000.0,36133017.024667874,8944783.916188763,22.838041562063427,-9.119988309517215
大井競馬場前,東京モノレール羽田線,9,41000000.0,38860944.35279809,3392449.975399211,7.205224660131508,-3.903180975545438
東府中,競馬場線,9,38588888.88888889,35558705.29438275,3691223.5274395053,9.590764384312545,-7.754542348386526
大鳥居,空港線,9,44888888.88888889,38986471.80579611,5960151.091426579,12.468736995310884,-12.269654207952952
成増,東上本線,9,50411111.11111111,45627282.82113019,7169585.446314354,12.985704107239455,-4.484349146172922
狭間,高尾線,9,17222222.222222224,16118307.26119762,2042004.0661922519,13.317725958628737,-1.658167844393344
北池袋,東上本線,9,48100000.0,42215983.979757816,7988391.622175528,14.452878871343067,-6.36245637987748
神谷町,2号線日比谷線,9,97111111.1111111,84973134.81874835,16703579.640003406,14.485222262540397,-6.308766357730152
六郷土手,本線,9,61888888.88888889,53321492.874787375,8701888.231127962,15.485457312649775,-15.210983400350901
石神井公園,池袋線,9,68666666.66666667,56961512.42286547,11705154.243801193,15.5900225857428,-15.5900225857428
富士見台,池袋線,9,41333333.333333336,37756846.549202174,6621643.305465368,15.78134832177724,-6.674574062875319
笹塚,京王線,9,60111111.11111111,53036188.22575301,9033892.544441823,15.791021434113247,-12.315569599113335
鷺ノ宮,新宿線,9,39333333.333333336,36090503.454598986,6847605.618807532,16.074746777089867,-7.021895727965952
田端,山手線,9,59555555.55555555,49922429.74134987,11287174.234079054,17.478942379568146,-12.208809393655791
板橋本町,6号線三田線,9,38888888.88888889,37845906.7843078,5954508.319546127,17.60119396967698,0.38683188200671104
新馬場,本線,9,53000000.0,45124138.48144023,8893642.652851338,18.57651361086326,-15.749116904750773
浜田山,井の頭線,9,227444444.44444445,178434176.042403,52265941.01518853,20.884761622235317,-15.55268463107292
東久留米,池袋線,9,36666666.666666664,30322871.894558992,8104214.064746957,20.953038298815486,-13.33582317482775
上町,世田谷線,9,44111111.11111111,40465555.540592216,9409868.031994112,21.676197397912883,-1.641477266181033
根津,9号線千代田線,9,71444444.44444445,71182336.54081775,14859439.089939654,22.69361589196385,4.701845145373001
茅場町,5号線東西線,9,92444444.44444445,68257075.89951718,24187368.544927273,23.149242202247187,-23.149242202247187
江北,日暮里・舎人ライナー,9,46211111.11111111,26424702.492665183,20006991.478109445,23.47415769767854,-22.55506244908057
若松河田,12号線大江戸線,9,83444444.44444445,62940308.6508386,21669745.97659356,23.50105008187246,-18.433179721056284
京王堀之内,相模原線,9,25555555.555555556,23973722.78615676,6647554.64439665,29.777124993508,4.182019276885682
東大和市,拝島線,8,28500000.0,26807059.243022528,1849230.3160068155,8.048376269381638,-7.397169773426044
若葉台,相模原線,8,45000000.0,40844884.96170082,4911589.530456543,9.492647330879205,-6.5393909324959685
西八王子,中央線,8,19287500.0,18199783.59048167,1692584.4222880034,9.500546465896738,-6.5390288540280475
八広,押上線,8,37875000.0,33694784.266786024,4673542.558364719,10.930901743379028,-9.560549451293626
玉川学園前,小田原線,8,30500000.0,28637523.617971286,3754157.546648334,11.751129280511952,-4.232275990878779
清瀬,池袋線,8,39500000.0,34647570.649227686,4852429.350772314,11.806154044101582,-11.806154044101582
旗の台,大井町線,8,41500000.0,40089016.65329756,6157761.7469716165,13.654669675843206,-3.4001136652613204
野方,新宿線,8,36625000.0,37825346.4925918,3458657.80015475,14.08129706208018,2.0685264993999386
新大塚,4号線丸ノ内線,8,79325000.0,67239675.68902235,12429084.557672845,14.239601397471079,-10.242389226596746
泉岳寺,本線,8,93125000.0,85878152.23561637,14378049.184568837,14.960415949649592,-7.677539414644778
小作,青梅線,8,23625000.0,24863546.254397273,3175850.292005904,15.647390546162844,8.557506965789116
巣鴨,山手線,8,71125000.0,63878066.926708095,11676495.156528255,15.76962779657493,-9.556779811784416
牛込神楽坂,12号線大江戸線,8,105750000.0,91587736.71350335,20282644.801803328,16.265329847141473,-8.980921337814278
新高円寺,4号線丸ノ内線,8,29875000.0,26292657.502210855,5930488.917820595,17.007161725038106,-4.668353178067614
下丸子,東急多摩川線,8,62500000.0,56992726.05423066,8478247.513746433,17.429306666142946,-3.0900156643128787
氷川台,8号線有楽町線,8,72750000.0,63807969.53507276,11338977.29429441,17.50430314793063,-9.238969253561082
柴又,金町線,8,31375000.0,26205251.65343471,5933781.6228444725,17.729158645823915,-15.073167350242294
半蔵門,11号線半蔵門線,8,108375000.0,92803005.23236093,24154192.520930298,18.464742527560748,-5.655085830841904
六本木,2号線日比谷線,8,59125000.0,45979052.30167497,15007053.137139982,18.93891422116246,-15.04533324975198
西日暮里,9号線千代田線,8,63750000.0,58956040.664941214,12545452.044786137,19.395022667238905,-1.640554712942619
久我山,井の頭線,8,67250000.0,53974105.79672278,13550919.320499735,19.910402151370853,-18.714640772142527
代々木八幡,小田原線,8,101625000.0,89699431.21185474,18087912.660773784,19.931285656241766,-15.52961146150711
代官山,東横線,8,128750000.0,98778159.71114424,32665604.780935284,21.382841158079295,-18.389769500213152
千住大橋,本線,8,64625000.0,50359879.883029446,14265120.11697055,21.924870952737578,-21.924870952737578
西新井大師西,日暮里・舎人ライナー,8,29125000.0,27191356.860267937,5244595.506568841,22.38281821777216,0.5680376544793422
八幡山,京王線,8,45787500.0,40640466.54326935,10762554.2320224,23.823225758957065,-4.908603434165524
稲城,相模原線,8,46875000.0,40693723.35736269,9584125.513966244,24.67017401904066,-7.655929662395994
モノレール浜松町,東京モノレール羽田線,8,110750000.0,78730295.3128419,32019704.687158097,28.772927706052087,-28.772927706052087
戸越銀座,池上線,8,57000000.0,53695117.172055274,14290386.601306943,29.14473351672104,-0.006400146248145333
堀切菖蒲園,本線,8,28625000.0,30819408.573723856,6926426.6038771765,30.24523489519857,20.255211923572595
岩本町,10号線新宿線,7,68142857.14285715,62940047.24093197,6277616.323028252,10.13353817332497,-8.105601529734248
羽村,青梅線,7,19357142.85714286,17995401.031961042,1977215.212783541,11.98016185707131,-5.443194961126835
下高井戸,世田谷線,7,64285714.28571428,55388443.3088891,9608458.838406235,14.252565120003084,-8.325999606827725
新宿三丁目,4号線丸ノ内線,7,44142857.14285714,39495630.49312123,5142016.500807011,14.423738955848986,-11.12513994870832
長原,池上線,7,43714285.71428572,37919500.73201258,6971124.1285404805,15.287235810403248,-12.212815238712524
新宿,小田原線,7,105285714.28571428,84563252.3051317,20722461.980582587,15.36665642689457,-15.36665642689457
鬼子母神前,荒川線,7,80428571.42857143,69574603.66655722,11842376.821725678,15.476485420085016,-14.44689264955223
新井薬師前,新宿線,7,37785714.28571428,33773879.1644115,5204073.951689089,15.534149614825896,-13.241382633313767
沼袋,新宿線,7,47542857.14285714,39615340.13291641,8918510.573542777,15.640947602117581,-11.310075774741291
白山,6号線三田線,7,48714285.71428572,43134570.83548575,6214574.000406845,15.885854386244201,-14.616136143030435
新豊洲,東京臨海新交通臨海線,7,168571428.57142857,140501897.96951273,28069530.601915833,16.59423040154159,-16.59423040154159
麹町,8号線有楽町線,7,119571428.57142857,105055803.44232428,23270448.823322974,17.10699032946876,-13.166233303097963
梅ヶ丘,小田原線,7,70285714.28571428,60417549.13070549,9868165.155008793,17.88588014442931,-17.88588014442931
沼部,東急多摩川線,7,52142857.14285714,42189402.36584057,10546844.567842778,17.8985743600352,-14.931625405904194
有明,東京臨海新交通臨海線,7,130714285.71428572,106688241.70432064,24026044.00996507,18.104529356484157,-18.104529356484157
青物横丁,本線,7,79142857.14285715,64440319.79674157,14702537.34611557,18.34653466860056,-18.34653466860056
上野,東北線,7,104285714.28571428,83712292.71939763,20573421.566316657,18.908846112605865,-18.908846112605865
江古田,池袋線,7,29500000.0,27758905.470394243,4940266.914485736,19.664742003659512,-2.4870167443954805
東中神,青梅線,7,36285714.28571428,31489602.641516685,6719080.813266471,20.078168665597126,-8.195495469650469
神保町,11号線半蔵門線,7,127857142.85714285,99481257.2915425,31612549.456985924,21.456608506174273,-14.713558732454349
赤羽橋,12号線大江戸線,7,140571428.57142857,108892073.71777233,31679354.85365624,21.463635302062897,-21.463635302062897
京成曳舟,押上線,7,57142857.14285714,44408029.575930364,13775510.220446685,22.15956456032745,-18.15243741983179
井荻,新宿線,7,50285714.28571428,46183634.44834326,8906185.979854936,23.057218098291134,3.808534193969481
本駒込,7号線南北線,7,79857142.85714285,63555732.858813204,20400733.348863143,23.967995461529757,-15.427738481251664
平和島,本線,7,32714285.714285713,29785867.048088614,7245718.314411593,25.718965212884967,0.5243727232953057
多摩境,相模原線,6,40333333.333333336,37782861.83693001,3305632.925267707,7.593041483625012,-5.605774565560857
矢川,南武線,6,32833333.333333332,29766682.17993334,3066651.153399994,10.208306600738721,-10.208306600738721
大師前,大師線,6,24583333.333333332,21054825.785618898,3801934.1898602988,12.080939865354594,-8.743287033079348
等々力,大井町線,6,61000000.0,53202672.51190778,7797327.48809222,13.473621138588635,-13.473621138588635
蓮沼,池上線,6,44666666.666666664,39609654.082152165,6308760.368581061,13.887514040806325,-11.366833962019397
四ツ谷,4号線丸ノ内線,6,83500000.0,74499918.37254588,12764747.582438333,14.009555075698922,-4.540434691940673
東北沢,小田原線,6,68333333.33333333,65783508.26457387,6422562.656822662,14.12417369895814,-3.416283994327754
桜街道,多摩都市モノレール線,6,21500000.0,20956624.113039408,3194177.4132732325,16.137579684871824,0.994037466364787
お台場海浜公園,東京臨海新交通臨海線,6,108166666.66666667,90619278.45305304,17547388.21361362,16.217988192042785,-16.217988192042785
芝公園,6号線三田線,6,68833333.33333333,74432869.69123176,17443755.232371245,17.519271962977534,1.6834710289138515
北野,高尾線,6,26133333.333333332,24045904.74479543,3946601.5628487454,17.79002975203501,-7.461291005863656
練馬春日町,12号線大江戸線,6,65333333.333333336,53545124.89638907,11883161.15858528,17.87998562675429,-17.704147253345006
若林,世田谷線,6,90833333.33333333,72936100.50505474,17897232.82827859,19.075138143349314,-19.075138143349314
京成立石,押上線,6,47000000.0,38399016.2570438,8600983.742956199,19.102940083349985,-19.102940083349985
桜上水,京王線,6,76166666.66666667,58906745.36503305,17259921.30163361,19.63581801584497,-19.63581801584497
上井草,新宿線,6,45333333.333333336,44057831.139488086,7481273.495048753,20.154632019678097,5.042237708471514
練馬高野台,池袋線,6,36866666.666666664,29427322.265328,7822468.011716567,20.527016464735652,-19.866458515808233
西国立,南武線,6,37000000.0,34926300.18832635,6401925.093757051,20.734002272216724,6.621370139011521
青井,常磐新線,6,31666666.666666668,24634109.650435835,7032557.016230832,21.493277484310525,-21.493277484310525
荏原町,大井町線,6,55500000.0,47849924.18006816,11885249.247163182,22.511866358206845,-0.6129848449840706
西小山,目黒線,6,35166666.666666664,29584001.290532682,8052676.714267881,22.69472353369224,-3.8031716920017864
新高島平,6号線三田線,6,20583333.333333332,19691785.40911384,3904913.8635493866,22.821092159535194,2.5810293446003247
矢野口,南武線,6,27633333.333333332,23643990.53485249,5147152.366078096,25.385303026828286,-1.2642703685522232
銀座一丁目,8号線有楽町線,6,102000000.0,82440792.4431495,32822889.45739149,34.30503888077441,-20.819178295721333
東長崎,池袋線,6,26666666.666666668,26953866.57567747,4251510.326750912,39.82271245423887,19.501417291464634
東伏見,新宿線,5,38600000.0,38075870.74074384,1093592.8604743257,3.4489894375522825,0.054811415792269357
東青梅,青梅線,5,8100000.0,8346294.740650462,428134.5345580112,6.948696856932495,1.2662032973215571
谷在家,日暮里・舎人ライナー,5,38400000.0,35992444.27700426,2980118.110217194,7.249378034655744,-4.3219022753975285
松が谷,多摩都市モノレール線,5,27240000.0,26540065.63596952,2120730.6557984194,7.963687922973129,-0.0553987774524086
御徒町,東北線,5,35000000.0,32525240.19755702,3097448.826303757,8.117302799987172,-5.970099269432761
平和台,8号線有楽町線,5,48200000.0,47344264.24554084,4869748.67070497,9.498241132118215,1.1926151908476181
拝島,拝島線,5,23500000.0,21856401.26220666,2440140.9015599736,10.045240824150595,-4.734959732373052
西武立川,拝島線,5,23000000.0,20962670.73096888,2766318.584539193,10.064296679835099,-4.9849628072036944
椎名町,池袋線,5,42600000.0,37353765.10974693,5702390.595197755,11.311313191660915,-9.139143168114789
めじろ台,高尾線,5,18600000.0,18459544.223922305,2584998.9249235247,12.50639991586903,2.2186556512456903
六本木一丁目,7号線南北線,5,116400000.0,109938995.13215204,8572939.367500354,12.573119062990715,-6.539020492555352
青梅,青梅線,5,10300000.0,9379591.846679728,1507585.219824549,13.436513991547884,-6.096800660244428
北参道,13号線副都心線,5,130000000.0,111976652.8180815,18023347.18191851,13.508214469860956,-13.508214469860956
久が原,池上線,5,73000000.0,65487119.24658302,10809003.816061374,13.669841221424155,-6.900826977305781
千鳥町,池上線,5,59200000.0,52458043.279431775,6741956.720568229,13.696605695569346,-13.696605695569346
西ヶ原,7号線南北線,5,64800000.0,59432786.981728554,9247359.986207236,14.442361605656165,-8.818960202850665
代田橋,京王線,5,25900000.0,24349173.447659127,4281780.469154539,14.516063560519157,-6.186752617163239
小田急永山,多摩線,5,34880000.0,29751644.525756538,6065513.313251902,15.018142748189959,-9.811710309254197
尾久,東北線,5,45200000.0,44942647.601752,7383737.059055408,16.519216691990426,2.88353071026911
九段下,5号線東西線,5,94000000.0,79390378.25378652,16552293.00807194,16.782179110810187,-14.83950784895173
稲荷町,3号線銀座線,5,59600000.0,48851424.3182115,10748575.681788499,16.904130189775785,-16.904130189775785
高幡不動,京王線,5,23800000.0,19242230.128005177,4557769.871994823,17.047771753552468,-17.047771753552468
西早稲田,13号線副都心線,5,89600000.0,71786553.36939725,17813446.63060274,18.729925233714763,-18.729925233714763
京成小岩,本線,5,32200000.0,27454606.901025243,5929044.391566841,20.019583236069156,-11.56493114612572
淡路町,4号線丸ノ内線,5,130800000.0,101952556.59398027,28847443.40601973,20.501446825139816,-20.501446825139816
永福町,井の頭線,5,67400000.0,52426137.76330454,14973862.236695463,21.223899541992786,-21.223899541992786
とうきょうスカイツリー,伊勢崎線,5,40800000.0,32756660.95790136,8793163.741521725,22.4723183211174,-19.06402423283064
京成高砂,金町線,5,41180000.0,34821520.11545088,8102925.592222335,22.962910060398077,-5.342246346527206
阿佐ヶ谷,中央線,5,105200000.0,68193860.8780386,37169842.24169971,23.829909760074635,-22.66060176194388
三河島,常磐線,5,61600000.0,44361966.586659856,17892174.52943667,24.721111910401056,-21.086994598753673
高尾,高尾線,5,25600000.0,23060508.151231546,6362556.465223674,24.923100072782354,-6.092034400004077
下井草,新宿線,5,28260000.0,27778780.75322008,3294144.8796155676,25.171779810915787,17.13107230036051
外苑前,3号線銀座線,4,130750000.0,122947956.75922997,7802043.240770023,5.0113676358611645,-5.0113676358611645
緑が丘,大井町線,4,48000000.0,45839294.380642675,2990094.751874512,6.047860467024722,-4.222981281758854
日野,中央線,4,30850000.0,29352708.94009319,2158387.1340328,6.075224379030624,-1.8242151786487686
仲御徒町,2号線日比谷線,4,36250000.0,33822534.21369357,2814573.3943782626,8.797843330933643,-6.647245508312375
下板橋,東上本線,4,51750000.0,46119147.63190046,5988308.8977250485,9.159502361670235,-8.347101157975896
日の出,東京臨海新交通臨海線,4,117500000.0,108172189.96679516,11040213.544707391,9.326877409758891,-7.899874483506768
三鷹台,井の頭線,4,70000000.0,61939070.4096989,8364495.602086546,10.240636093075924,-9.77361145955985
青山一丁目,12号線大江戸線,4,134750000.0,131859643.64766784,5341784.764452195,11.803082468672523,-4.329563154773045
西武柳沢,新宿線,4,37500000.0,34104687.347252965,4538169.939199711,12.259376693607058,-8.318489498942661
北品川,本線,4,82750000.0,74204420.17962699,9992357.060565164,12.413422931629697,-11.207775231469569
中央大学・明星大学,多摩都市モノレール線,4,25000000.0,23758206.901529744,3589985.0130037908,14.09167566121737,-2.0550758426158993
東大前,7号線南北線,4,54000000.0,45045882.85006369,8954117.149936311,14.160902065162766,-14.160902065162766
新百合ヶ丘,小田原線,4,17200000.0,18592658.873219974,2394388.428392656,14.22799628574894,10.888897768506673
大門,12号線大江戸線,4,57750000.0,69405357.48391654,12990912.58446668,14.728049185893163,9.697480825443005
東小金井,中央線,4,45000000.0,42998301.997574195,7062097.20906014,15.720762043109158,2.1433967856874574
馬喰町,総武線,4,81000000.0,78202774.40202035,13319202.13727159,16.373696203704718,-5.636985449325188
信濃町,中央線,4,140250000.0,112621247.24821046,27628752.75178954,17.070217205968746,-17.070217205968746
扇大橋,日暮里・舎人ライナー,4,32500000.0,27195367.975729335,5773187.444273031,17.090698831799607,-14.74792173178778
布田,京王線,4,33500000.0,30719657.30747824,6877170.321252378,19.051470669419142,-5.395378573650405
新柴又,北総線,4,29000000.0,25156192.45752502,4839765.870659627,19.579628904473278,-17.208299551652694
京王よみうりランド,相模原線,4,42500000.0,33616415.20206232,8883584.79793768,20.193968032556924,-20.193968032556924
小田急多摩センター,多摩線,4,33500000.0,29735360.43375003,6112260.929756999,20.372455919899725,0.5502058394547531
西府,南武線,4,37000000.0,35696753.193603896,5034471.757560848,20.932952665898135,8.990948483200276
大岡山,目黒線,4,49750000.0,39193507.71604315,11149271.361051783,21.298473608028075,-17.346613094061823
西大井,東海道線,4,46250000.0,37545749.15605391,8704250.843946092,21.478714234008343,-21.478714234008343
中延,大井町線,4,80250000.0,60924687.50496701,19325312.49503299,23.22800962102867,-23.22800962102867
稲城長沼,南武線,4,26500000.0,20889933.52121455,5610066.4787854515,24.039000576010622,-24.039000576010622
中野新橋,4号線丸ノ内線分岐線,4,67750000.0,52664154.50379461,15085845.496205388,26.151568176170116,-26.151568176170116
富士見ヶ丘,井の頭線,4,64750000.0,63876405.06374806,13484920.906561336,28.41805525336398,8.674079953428372
武蔵砂川,拝島線,4,16975000.0,19096834.362345997,4333912.217094637,28.87906270886355,19.662071647410883
洗足,目黒線,4,50250000.0,35069696.241527215,15180303.75847279,30.809956111712253,-30.809956111712253
八王子みなみ野,横浜線,4,31750000.0,33063751.618713945,8215591.353085062,30.940230509748588,14.767997310201228
多摩川,東横線,4,79750000.0,65015724.67415962,27128853.04072451,30.98771139216587,-16.741070340574915
小台,荒川線,4,37500000.0,35177851.1800267,10805763.408364698,41.64857488210995,14.908855707166055
是政,多摩川線,3,25333333.333333332,25440243.57841151,1071013.53439075,5.903300882112902,-2.1308931954919
千川,8号線有楽町線,3,77000000.0,77436817.76920402,4653863.711196822,6.191916109743705,0.16756476403969853
西高島平,6号線三田線,3,20166666.666666668,18838494.59491929,1328172.0717473777,6.202970179064934,-6.202970179064934
成瀬,横浜線,3,38666666.666666664,36803009.919713534,1892974.7384687003,7.066118017899186,-7.007482034868052
東村山,国分寺線,3,21300000.0,22825049.371742874,2348633.612314623,10.982232337853276,4.51249959837671
芝浦ふ頭,東京臨海新交通臨海線,3,48166666.666666664,52178163.207398005,4011496.5407313383,11.204778416611767,11.204778416611767
御嶽山,池上線,3,50666666.666666664,45557610.3912733,5999756.14324873,11.259806352866663,-5.692932178770647
明大前,井の頭線,3,100000000.0,86819328.05868901,13882717.700039228,11.429347375793206,-10.426424863324298
洗足池,池上線,3,38333333.333333336,33484991.905791152,6234618.391449255,11.982420257278273,-1.3705433800608027
九品仏,大井町線,3,86333333.33333333,73395360.30938171,12937973.023951633,12.354423361217892,-12.354423361217892
中井,新宿線,3,54000000.0,48252227.60680211,8343318.913939235,12.682467174893409,-4.817174687798399
玉川上水,拝島線,3,45000000.0,39055331.89999715,5944668.100002848,12.797371937709942,-12.797371937709942
越中島,京葉線,3,79666666.66666667,67286879.00708616,12379787.659580514,12.852821771197966,-12.852821771197966
池ノ上,井の頭線,3,186333333.33333334,140178400.8354463,46154932.49788704,12.958214051492995,-12.958214051492995
国会議事堂前,9号線千代田線,3,179666666.66666666,149618911.5382316,30713727.486256376,13.08808945959643,-9.582971786852651
熊野前,日暮里・舎人ライナー,3,46333333.333333336,43508894.9269903,5443745.707349206,13.803101799226276,-0.0172738991937873
葛西臨海公園,京葉線,3,44000000.0,40265707.33479338,6246677.329039189,13.949582749778534,-6.771340853114048
原宿,山手線,3,62333333.333333336,65426098.899345316,7900709.565631871,14.394114774670827,8.737710069235673
鐘ヶ淵,伊勢崎線,3,42000000.0,36182250.971264035,6831559.446089973,15.050161669859046,-12.068366324700202
荏原中延,池上線,3,83666666.66666667,67795403.40094064,15871263.265726032,15.136718344996796,-15.136718344996796
唐木田,多摩線,3,23666666.666666668,27118927.065446805,3452260.3987801387,15.27194849933141,15.27194849933141
世田谷,世田谷線,3,50333333.333333336,44487002.52003525,8443654.31139579,15.313521871508437,-2.945314737709817
小平,新宿線,3,29666666.666666668,28944231.88379228,4342949.687950092,15.391902953275368,-0.9480469526100457
篠崎,10号線新宿線,3,28900000.0,25203849.108284954,4434605.483621015,15.41501589283358,-4.393305565878774
小川,国分寺線,3,38666666.666666664,35827549.54783815,6162230.842516623,15.569992409555061,-6.824956294586348
牛田,伊勢崎線,3,38666666.666666664,32739274.439480424,6646882.334459589,15.93415420028056,-13.453153830372472
京急蒲田,本線,3,62000000.0,50295924.52736196,12300625.539204488,16.46991214487638,-11.04672972154504
東銀座,2号線日比谷線,3,99000000.0,84322309.83802576,14677690.16197423,16.47900258131197,-16.47900258131197
田園調布,東横線,3,32000000.0,23551465.35370471,8448534.646295289,16.617790509315057,-16.617790509315057
恋ヶ窪,国分寺線,3,35666666.666666664,35803921.320937745,6758497.685211706,16.920150382338125,2.832399252677219
駒場東大前,井の頭線,3,91666666.66666667,75497841.9373555,17862971.96003459,17.61018845903753,-14.080715061697083
水道橋,6号線三田線,3,66666666.666666664,54823098.605220884,11843568.06144578,17.695432420751025,-17.695432420751025
都立家政,新宿線,3,24000000.0,19366107.448360074,4633892.551639926,18.4481210762026,-18.4481210762026
赤羽岩淵,7号線南北線,3,69666666.66666667,54596074.38904799,15070592.277618675,19.90953726538861,-19.90953726538861
新三河島,本線,3,74333333.33333333,60002932.20794799,14330401.125385344,20.026895891013883,-20.026895891013883
新宿西口,12号線大江戸線,3,65333333.333333336,49813590.2394745,15519743.093858832,20.810866021770142,-20.810866021770142
赤土小学校前,日暮里・舎人ライナー,3,60000000.0,45743348.09762931,14256651.902370686,21.155653331870813,-21.155653331870813
新日本橋,総武線,3,140000000.0,106819341.37315543,33180658.62684457,21.20156709835987,-21.20156709835987
新代田,井の頭線,3,29666666.666666668,22932796.01181097,6733870.654855698,22.154617596620493,-22.154617596620493
汐留,東京臨海新交通臨海線,3,256666666.66666666,199451518.72275993,57215147.94390675,26.155971724099363,-26.155971724099363
石川台,池上線,3,47666666.666666664,34797521.9349149,12869144.731751764,26.23818805379294,-26.23818805379294
明治神宮前,9号線千代田線,3,171000000.0,116008756.41383024,54991243.58616975,35.76072380765703,-35.76072380765703
北千束,大井町線,3,74333333.33333333,47599814.25335481,26733519.07997853,36.01455991855229,-36.01455991855229
西永福,井の頭線,3,93666666.66666667,97085225.35867889,29460659.73499758,36.69210305759193,18.090602312602396
日本橋,5号線東西線,3,86000000.0,47980589.3957765,38019410.6042235,39.544362824444626,-39.544362824444626
東松原,井の頭線,2,69350000.0,69525065.55956106,634459.2087263996,2.951549066118231,-2.3288377058971044
北八王子,八高線,2,25500000.0,25749874.017412215,821008.5663618259,3.288661954991494,1.173348810733678
秋津,池袋線,2,32500000.0,31435966.9094028,1064033.0905972011,3.3906316612779714,-3.3906316612779714
東あずま,亀戸線,2,30000000.0,30060818.799283765,1773273.6370705348,6.045041727508252,-0.8047776236388189
末広町,3号線銀座線,2,155000000.0,144560933.41120106,10439066.58879894,6.299454004095531,-6.299454004095531
足立小台,日暮里・舎人ライナー,2,36000000.0,33218733.62935394,2781266.3706460595,6.353892157241314,-6.353892157241314
南多摩,南武線,2,31000000.0,32896829.617123384,2000000.0,6.8749905155952735,6.5623529917267405
東尾久三丁目,荒川線,2,58000000.0,52934229.780797794,5065770.219202206,8.037871444993117,-8.037871444993117
見沼代親水公園,日暮里・舎人ライナー,2,20000000.0,20794131.96554303,1448275.6500985492,8.78297942124964,6.166404683027578
南平,京王線,2,27000000.0,24198875.10501434,2801124.894985659,10.374536648095035,-10.374536648095035
橋本,相模原線,2,44500000.0,39375445.60946311,5124554.390536886,11.591965512088109,-11.591965512088109
府中本町,南武線,2,33000000.0,27006035.63089233,6354927.745072613,13.16308963933386,-10.584779811012835
虎ノ門ヒルズ,2号線日比谷線,2,65000000.0,55414170.64876495,10000000.0,13.433738339094532,-12.680700795885528
つくし野,田園都市線,2,28000000.0,24545617.731867258,3454382.2681327434,13.782573619365875,-13.782573619365875
多磨霊園,京王線,2,47000000.0,39730509.34341839,7269490.656581614,15.300889680329577,-15.300889680329577
分倍河原,南武線,2,55500000.0,48151841.44496429,10130416.6386851,15.877694229930496,-9.091698903956376
亀戸水神,亀戸線,2,36000000.0,30707054.629913785,5292945.370086214,15.947068663460485,-15.947068663460485
鮫洲,本線,2,29000000.0,23851699.894546036,5148300.105453964,16.101823019090467,-16.101823019090467
昭和島,東京モノレール羽田線,2,42000000.0,35836814.95826392,6163185.041736083,16.951963076343507,-16.951963076343507
国際展示場,臨海副都心線,2,195000000.0,156924108.79397646,38075891.206023544,17.441551792161505,-17.441551792161505
小菅,伊勢崎線,2,13900000.0,11338897.714102263,3085040.533320157,17.47393555716281,-10.756778538926662
小川町,10号線新宿線,2,45000000.0,36260048.83629817,8739951.163701834,17.952848488910796,-17.952848488910796
三ノ輪橋,荒川線,2,20500000.0,16622947.332877707,3877052.6671222923,18.36248686451901,-18.36248686451901
谷塚,伊勢崎線,2,30500000.0,24878650.742832668,5621349.257167334,18.979943712835116,-18.979943712835116
梅屋敷,本線,2,60500000.0,48241899.22909053,12258100.770909473,19.248729185993653,-19.248729185993653
和泉多摩川,小田原線,2,50500000.0,40350509.57208896,10149490.427911047,19.286898701103475,-19.286898701103475
大手町,11号線半蔵門線,2,76500000.0,61263383.03591664,15236616.964083362,19.801161734731558,-19.801161734731558
新橋,東京臨海新交通臨海線,2,165000000.0,159710088.41054523,33331223.51640211,20.87938832809875,2.488371611024048
豊島園,豊島線,2,45000000.0,42775788.662390396,7813692.353284273,21.143633746968007,6.80377133140532
萩山,多摩湖線,2,34000000.0,29708658.6076621,7936813.965310965,22.35446806035182,-2.101842654945907
多磨,多摩川線,2,31500000.0,38717729.42794984,7217729.427949838,22.757561281919862,22.757561281919862
八坂,多摩湖線,2,30000000.0,23328596.055356693,6671403.9446433075,24.2575909252094,-24.2575909252094
万願寺,多摩都市モノレール線,2,31500000.0,33193693.01110374,7970111.7555387765,25.013325995980445,2.5975447658553215
御茶ノ水,総武線,2,57500000.0,39276232.10782622,18223767.892173786,26.133621948750843,-26.133621948750843
松陰神社前,世田谷線,2,145000000.0,101704142.01083395,43295857.98916606,26.491242066063602,-26.491242066063602
高島平,6号線三田線,2,11950000.0,13933018.27197662,1983018.2719766195,27.138182328431576,27.138182328431576
牛浜,青梅線,2,5300000.0,6526427.020302933,1691449.3030679936,27.91790219646422,16.29234512733769
下北沢,井の頭線,2,86000000.0,63636135.02972059,22363864.97027941,28.347667928052765,-28.347667928052765
京成関屋,本線,2,58500000.0,47092259.57376676,20579744.31449923,34.349075417258874,-1.5919186734517652
神田,中央線,2,94500000.0,85845451.34032404,36866755.28810404,45.045574500154174,12.53035739459703
山田,高尾線,2,6850000.0,11323659.376565456,4473659.376565456,65.22174422168783,65.22174422168783
上北台,多摩都市モノレール線,1,9500000.0,9524699.460252875,24699.460252875462,0.25999431845132065,0.25999431845132065
早稲田,荒川線,1,21000000.0,21156525.808438297,156525.80843829736,0.7453609925633208,0.7453609925633208
秋川,五日市線,1,16000000.0,15440653.54950897,559346.4504910298,3.4959153155689364,-3.4959153155689364
上中里,東北線,1,25000000.0,23656499.795463253,1343500.2045367472,5.374000818146989,-5.374000818146989
千駄ヶ谷,中央線,1,54000000.0,57562057.7472464,3562057.7472463995,6.596403235641481,6.596403235641481
虎ノ門,3号線銀座線,1,140000000.0,130728972.19684084,9271027.803159162,6.622162716542259,-6.622162716542259
谷保,南武線,1,50000000.0,46618979.458450526,3381020.541549474,6.762041083098948,-6.762041083098948
荒川区役所前,荒川線,1,24000000.0,25737534.68241658,1737534.6824165806,7.239727843402418,7.239727843402418
泉体育館,多摩都市モノレール線,1,29000000.0,26431522.77992236,2568477.2200776413,8.856818000267728,-8.856818000267728
新桜台,西武有楽町線,1,13000000.0,11813206.710564714,1186793.289435286,9.129179149502201,-9.129179149502201
滝野川一丁目,荒川線,1,58000000.0,52288259.88505992,5711740.114940077,9.847827784379442,-9.847827784379442
戸越公園,大井町線,1,110000000.0,98554011.45667548,11445988.543324515,10.405444130295013,-10.405444130295013
雪が谷大塚,池上線,1,74000000.0,64833312.97340588,9166687.026594117,12.387414900802861,-12.387414900802861
東秋留,五日市線,1,9800000.0,11026319.332184484,1226319.3321844842,12.513462573311063,12.513462573311063
長沼,京王線,1,25000000.0,28454791.27503238,3454791.2750323787,13.819165100129515,13.819165100129515
六町,常磐新線,1,26000000.0,22340509.57998057,3659490.420019429,14.07496315392088,-14.07496315392088
高野,日暮里・舎人ライナー,1,17000000.0,19425935.33349088,2425935.3334908783,14.27020784406399,14.27020784406399
すずかけ台,田園都市線,1,51000000.0,43498514.49048438,7501485.509515621,14.708795116697296,-14.708795116697296
庚申塚,荒川線,1,34000000.0,39092974.30983696,5092974.309836961,14.979336205402827,14.979336205402827
小宮,八高線,1,26000000.0,30089858.997278567,4089858.9972785674,15.730226912609874,15.730226912609874
多摩センター,多摩都市モノレール線,1,55000000.0,46242285.07179194,8757714.92820806,15.923118051287382,-15.923118051287382
片倉,横浜線,1,25000000.0,20721335.61242876,4278664.387571242,17.114657550284967,-17.114657550284967
甲州街道,多摩都市モノレール線,1,28000000.0,23095841.42829652,4904158.571703479,17.514852041798136,-17.514852041798136
南新宿,小田原線,1,140000000.0,114953276.50230938,25046723.497690618,17.89051678406473,-17.89051678406473
築地市場,12号線大江戸線,1,28000000.0,22832553.34416464,5167446.65583536,18.45516662798343,-18.45516662798343
奥沢,目黒線,1,120000000.0,96762393.06463715,23237606.935362846,19.364672446135707,-19.364672446135707
国立競技場,12号線大江戸線,1,9000000.0,10784524.591971684,1784524.5919716842,19.8280510219076,19.8280510219076
世田谷代田,小田原線,1,80000000.0,63710671.10275244,16289328.89724756,20.36166112155945,-20.36166112155945
大崎広小路,池上線,1,62000000.0,48553607.74609726,13446392.25390274,21.687729441778615,-21.687729441778615
荒川一中前,荒川線,1,76000000.0,59008387.80462848,16991612.195371523,22.35738446759411,-22.35738446759411
八潮,常磐新線,1,37000000.0,28550138.93269796,8449861.06730204,22.83746234405957,-22.83746234405957
東京,東北線,1,120000000.0,90924744.27777492,29075255.722225085,24.229379768520904,-24.229379768520904
西立川,青梅線,1,10000000.0,12437028.09420904,2437028.0942090396,24.370280942090396,24.370280942090396
西太子堂,世田谷線,1,85000000.0,63989824.26797426,21010175.732025743,24.717853802383228,-24.717853802383228
新御茶ノ水,9号線千代田線,1,240000000.0,178741242.90883443,61258757.09116557,25.524482121318986,-25.524482121318986
下神明,大井町線,1,120000000.0,88565266.16914326,31434733.83085674,26.195611525713954,-26.195611525713954
柴崎,京王線,1,70000000.0,49591389.70942153,20408610.29057847,29.15515755796924,-29.15515755796924
高輪ゲートウェイ,東海道線,1,87000000.0,112876031.39413516,25876031.394135162,29.742564820845015,29.742564820845015
大塚・帝京大学,多摩都市モノレール線,1,4600000.0,3163472.623124858,1436527.376875142,31.228856019024832,-31.228856019024832
都庁前,12号線大江戸線,1,44000000.0,29706064.10818553,14293935.89181447,32.48621793594198,-32.48621793594198
豪徳寺,小田原線,1,43000000.0,27236313.10161669,15763686.898383308,36.65973697298443,-36.65973697298443
新庚申塚,荒川線,1,25000000.0,34537997.140670724,9537997.140670724,38.151988562682895,38.151988562682895
面影橋,荒川線,1,90000000.0,131021899.391193,41021899.391193,45.57988821243667,45.57988821243667
鷹の台,国分寺線,1,26000000.0,13934241.815581309,12065758.184418691,46.4067622477642,-46.4067622477642
新小平,武蔵野線,1,5100000.0,7660202.511084041,2560202.5110840406,50.200049236941965,50.200049236941965
